{
  "question": "Q-MSEE-4 \u2014 alpha-decay form (H4, P4)",
  "feed": "OANDA",
  "canonical_status": "PROXY",
  "rolling_days": 360,
  "min_trades_in_window": 15,
  "per_strategy": {
    "guardian": {
      "n_finite_windows": 186,
      "panel_t_range_days": [
        0.0,
        1421.2604166666667
      ],
      "first_window_pf": 2.835784313725491,
      "last_window_pf": 4.174448767833982,
      "fits": {
        "hyperbolic": {
          "params": [
            38.791231197007,
            -5.8748508180657644e-05,
            -37.133076927380536
          ],
          "rss": 102.01367986252444,
          "aic": -105.71899408077712,
          "r2": 0.6632325651236706,
          "k": 3
        },
        "exponential": {
          "params": [
            18.350879996472653,
            -0.00012388736685643042,
            -16.691774584834437
          ],
          "rss": 102.01229592434464,
          "aic": -105.72151741145062,
          "r2": 0.6632371337786929,
          "k": 3
        },
        "linear": {
          "params": [
            1.6034573113928234,
            -0.0024924044661808337
          ],
          "rss": 102.11635519872294,
          "aic": -107.53188183991804,
          "r2": 0.6628936134297093,
          "k": 2
        }
      },
      "best_by_aic": "linear",
      "delta_aic_vs_best": {
        "hyperbolic": 1.8128877591409207,
        "exponential": 1.8103644284674232,
        "linear": 0.0
      }
    },
    "striker": {
      "n_finite_windows": 219,
      "panel_t_range_days": [
        0.0,
        1459.0625
      ],
      "first_window_pf": 1.49645390070922,
      "last_window_pf": 3.7946768060836513,
      "fits": {
        "hyperbolic": {
          "params": [
            -1.560309816689356,
            0.029923228414071565,
            2.561072060605814
          ],
          "rss": 131.59452753466599,
          "aic": -105.54683879618945,
          "r2": 0.04682286992607143,
          "k": 3
        },
        "exponential": {
          "params": [
            7.435318918194535e-06,
            -0.008712635974289371,
            2.2423537670787583
          ],
          "rss": 97.29245105747168,
          "aic": -171.6857217954265,
          "r2": 0.2952827065518413,
          "k": 3
        },
        "linear": {
          "params": [
            2.2334957256396293,
            -0.0002737382140963322
          ],
          "rss": 135.17517312347587,
          "aic": -101.66754682512322,
          "r2": 0.020887220852407684,
          "k": 2
        }
      },
      "best_by_aic": "exponential",
      "delta_aic_vs_best": {
        "hyperbolic": 66.13888299923705,
        "exponential": 0.0,
        "linear": 70.01817497030328
      }
    },
    "aegis": {
      "n_finite_windows": 109,
      "panel_t_range_days": [
        0.0,
        1267.1354166666667
      ],
      "first_window_pf": 0.5555555555555556,
      "last_window_pf": 8.0,
      "fits": {
        "hyperbolic": {
          "params": [
            16032.647139077022,
            -1.367916321311545e-07,
            -16030.296435721944
          ],
          "rss": 187.63650726015157,
          "aic": 65.20430233414456,
          "r2": 0.2761994144679869,
          "k": 3
        },
        "exponential": {
          "params": [
            11608.724496074066,
            -1.8891859190616135e-07,
            -11606.373797315726
          ],
          "rss": 187.63521485141055,
          "aic": 65.20355155786982,
          "r2": 0.27620439988482903,
          "k": 3
        },
        "linear": {
          "params": [
            2.350578567729335,
            -0.002193579149666603
          ],
          "rss": 187.63232802603653,
          "aic": 63.201874546512194,
          "r2": 0.2762155357023016,
          "k": 2
        }
      },
      "best_by_aic": "linear",
      "delta_aic_vs_best": {
        "hyperbolic": 2.0024277876323637,
        "exponential": 2.0016770113576214,
        "linear": 0.0
      }
    }
  },
  "verdict": "MIXED: hyperbolic preferred in 0, competitive (deltaAIC<=4) in 2, rejected in 1 of 3 fitted strategies"
}