{
  "per_regime_acf": {
    "hike_2022_23": {
      "rho": -0.02285258925574955,
      "ci_low": -0.07248929187740247,
      "ci_high": 0.026603102652920173,
      "p_below_zero": 0.816,
      "n_pairs": 3031
    },
    "hold_2023_24": {
      "rho": 0.0018322024594214382,
      "ci_low": -0.05829832756759125,
      "ci_high": 0.05755711151629433,
      "p_below_zero": 0.489,
      "n_pairs": 1659
    },
    "cut_2024_26": {
      "rho": -0.02634476679641702,
      "ci_low": -0.06992883571176486,
      "ci_high": 0.01867558714826761,
      "p_below_zero": 0.871,
      "n_pairs": 3108
    },
    "pooled": {
      "rho": -0.020362873993629814,
      "ci_low": -0.055769422356759094,
      "ci_high": 0.01341247949945569,
      "p_below_zero": 0.8875,
      "n_pairs": 7798
    }
  },
  "per_regime_hurst": {
    "hike_2022_23": {
      "n": 3464,
      "h_inline": 0.5589115074320834,
      "h_nolds": 0.5229814193736021
    },
    "hold_2023_24": {
      "n": 1896,
      "h_inline": 0.5810027639263928,
      "h_nolds": 0.4696921951736836
    },
    "cut_2024_26": {
      "n": 3552,
      "h_inline": 0.587702927724587,
      "h_nolds": 0.4943007709962493
    }
  }
}