{
  "Asia_00_08": 2.242295970199797,
  "NY_08_16": 2.0896535013326876,
  "Late_16_24": 3.1184890656063615
}