{
  "2026YTD": {
    "n": 92,
    "p01_bp": -632.8685661892492,
    "p05_bp": -409.63656495631363,
    "p95_bp": 334.1795226533551,
    "p99_bp": 551.804118901424,
    "abs_p99_lower": 632.8685661892492,
    "abs_p99_upper": 551.804118901424,
    "ratio_lower_to_upper_p99": 1.1469080141141659,
    "skew": -0.39932352502947693,
    "kurt_excess": 1.6350756016536296
  },
  "2022_2025": {
    "n": 1243,
    "p01_bp": -239.28058964138685,
    "p05_bp": -132.76394201535524,
    "p95_bp": 147.7405742219319,
    "p99_bp": 244.34783433317514,
    "abs_p99_lower": 239.28058964138685,
    "abs_p99_upper": 244.34783433317514,
    "ratio_lower_to_upper_p99": 0.9792621665519696,
    "skew": -0.23166994689913692,
    "kurt_excess": 3.1351119082547036
  }
}