{
  "n_windows": 193,
  "window_weeks": 32,
  "n_total_weeks": 224,
  "mean": 3.430051813471503,
  "p50": 3.0,
  "p75": 5.0,
  "p90": 5.0,
  "p95": 5.0,
  "p99": 5.0,
  "max": 5,
  "share_of_neg_weeks": 0.41517857142857145
}