{
  "XAUUSD": {
    "n_obs": 1335,
    "omega": 0.03512549551284385,
    "alpha": 0.10207586029081976,
    "beta": 0.8630720010768839,
    "persistence_alpha_plus_beta": 0.9651478613677036,
    "log_likelihood": -1755.5116834622736,
    "aic": 3519.023366924547,
    "bic": 3539.8101132078846,
    "summary_oneline": "omega=0.03513, alpha=0.1021, beta=0.8631, alpha+beta=0.9651, LL=-1755.51"
  },
  "US30": {
    "n_obs": 1337,
    "omega": 0.042673828793881485,
    "alpha": 0.11937374157809022,
    "beta": 0.8263888311384409,
    "persistence_alpha_plus_beta": 0.9457625727165311,
    "log_likelihood": -1619.5897720772832,
    "aic": 3247.1795441545664,
    "bic": 3267.9722784629744,
    "summary_oneline": "omega=0.04267, alpha=0.1194, beta=0.8264, alpha+beta=0.9458, LL=-1619.59"
  },
  "USDJPY": {
    "n_obs": 1341,
    "omega": 0.012667091503870192,
    "alpha": 0.06940950111657596,
    "beta": 0.8950343000951972,
    "persistence_alpha_plus_beta": 0.9644438012117732,
    "log_likelihood": -1127.885866860527,
    "aic": 2263.771733721054,
    "bic": 2284.5764172541803,
    "summary_oneline": "omega=0.01267, alpha=0.0694, beta=0.8950, alpha+beta=0.9644, LL=-1127.89"
  }
}